Cluster,Words
68,game play player playing
57,puzzle pirate horror zomby pawn zombie wolf franchise coop nightmare limbo gamei pve fable clue glado eargasm hacker cannibal chill
21,experience community work environment resource workshop focus knowledge research project practice learning
75,gameplay gamer gaming rng bonus replay cue
99,way pace
97,hour week night
12,price cost
47,person friend boss child woman family partner
48,love choice voice wish reward hope enjoyment pleasure praise
62,character hero genre plot figure episode cutscene lore chapter legend protagonist narrator backstory
1,world city country nation
54,fun
19,level point number class rating
72,review note view guide
76,graphic visual video pixel
18,content quality value product
52,lot
50,life
4,part event place
58,grind luck guess hell fuck joke cry ruin biter
25,challenge problem effect reason possibility question change chance balance future potential purpose factor
53,bit
8,colony quest colonist empire journey voyage fortress
92,room wall floor
77,update feature version release entry upgrade launcher patch
9,end
49,nothing everything feeling everyone emotion kind being fear
63,bug glitch
16,factory base unit platformer location production company plant equipment facility network platform
78,NASA
64,civ pvp rpg
7,enemy fight battle combat campaign effort victory
51,guy kid boy girl
85,line curve loop button length edge belt hook
20,element playthrough ending civilization requirement replayability example progress form complaint conclusion exploration period progression customization combination connection expansion conversation confession process beginning portion relationship communication recommendation frustration complexity condition presentation comment cycle warning execution experiment component
39,need help want
29,run
43,job
22,concept history narrative writing personality philosophy nature language reality perspective vision behavior
15,building builder build
101,lake water boat
11,war
37,cant havent
86,piece pack cake layer package
30,look feel
69,fan
102,crew crash ride
5,control force power
3,leader party group faction
35,use
26,fact case crime error flaw
89,hand chamber face front head corner chest lobby back
60,word name
95,weapon loot gun bomb
23,robot usage encounter course planet landscape computer universe cheater cosmetic background creature physics formula library
42,eye
90,couple half winter plenty
28,wait break pass finish call leave kill pick beat
6,rule plan policy
61,book novel
34,buy
59,god
40,heart brain blood body bone
84,valve engine
24,worth waste purchase payment buying credit
94,raid raider
87,color paint light
100,goal
45,care health
56,humor classic vibe gem hint quirk charm
17,variety range
71,list page
98,path route road
79,fps
46,food
38,can will
93,box
55,joy
96,fire
80,leg
10,era
33,find fix
65,pc
36,go
82,cup
83,egg
14,risk
31,grow
70,hit
27,lack
91,wave
103,race
66,ld
88,gold
81,hat
41,pain
32,fit
67,ui
13,rate
74,key
44,role
2,land
73,log
